{"web":{"client_id":"770638819380-bs28pclo8lguc58e01oju4ei1r88i320.apps.googleusercontent.com","project_id":"fll-scorer","auth_uri":"https://accounts.google.com/o/oauth2/auth","token_uri":"https://www.googleapis.com/oauth2/v3/token","auth_provider_x509_cert_url":"https://www.googleapis.com/oauth2/v1/certs","client_secret":"RWuZvghpXDEdQM69c5kIsHDU","javascript_origins":["http://flltutorials.com","http://localhost:4000","http://localhost:8000","http://ev3lessons.com","http://www.seshan.org","http://www.ev3lessons.com","http://www.flltutorials.com"]}}